{"cameraMode":{"drawMode":0,"name":"Shaded","section":"Shading Mode"},"sceneLighting":true,"audioPlay":false,"sceneViewState":{"m_AlwaysRefresh":false,"showFog":true,"showSkybox":true,"showFlares":true,"showImageEffects":true,"showParticleSystems":true,"showVisualEffectGraphs":true,"m_FxEnabled":true},"in2DMode":false,"pivot":{"x":-0.017425354570150377,"y":1.146620512008667,"z":-5.692028522491455},"rotation":{"x":0.17574474215507508,"y":-0.020086880773305894,"z":-0.0035876152105629446,"w":-0.9842756390571594},"size":1.9125988483428956,"orthographic":false}