{"cameraMode":{"drawMode":0,"name":"Shaded","section":"Shading Mode"},"sceneLighting":true,"audioPlay":false,"sceneViewState":{"m_AlwaysRefresh":false,"showFog":true,"showSkybox":true,"showFlares":true,"showImageEffects":true,"showParticleSystems":true,"showVisualEffectGraphs":true,"m_FxEnabled":true},"in2DMode":false,"pivot":{"x":-1.2928509712219239,"y":-2.120532274246216,"z":0.388519287109375},"rotation":{"x":0.13289934396743775,"y":-0.08728878945112229,"z":0.011753830127418042,"w":0.9872657656669617},"size":4.906116008758545,"orthographic":false}